date,outlet,paid_transaction_count,paid_revenue,paid_avg_transaction_value,paid_total_items,paid_avg_basket_size
2025-01-02,SHOP001,80,2007000,25087.5,92,1.15
2025-01-02,SHOP002,47,1239000,26361.702127659573,60,1.2765957446808511
2025-01-02,SHOP003,56,1370000,24464.285714285714,64,1.1428571428571428
2025-01-03,SHOP001,96,2591000,26989.583333333332,117,1.21875
2025-01-03,SHOP002,24,540000,22500.0,24,1.0
2025-01-03,SHOP003,73,1882000,25780.821917808218,86,1.178082191780822
2025-01-04,SHOP001,96,2473000,25760.416666666668,112,1.1666666666666667
2025-01-04,SHOP002,27,677000,25074.074074074073,32,1.1851851851851851
2025-01-04,SHOP003,46,1080000,23478.260869565216,51,1.108695652173913
2025-01-05,SHOP001,87,2114000,24298.850574712644,103,1.1839080459770115
2025-01-05,SHOP002,48,1228000,25583.333333333332,57,1.1875
2025-01-05,SHOP003,47,1182000,25148.936170212764,52,1.1063829787234043
2025-01-06,SHOP001,80,1885000,23562.5,88,1.1
2025-01-06,SHOP002,41,1033000,25195.121951219513,45,1.0975609756097562
2025-01-06,SHOP003,42,1077000,25642.85714285714,48,1.1428571428571428
2025-01-07,SHOP001,95,2472000,26021.052631578947,110,1.1578947368421053
2025-01-07,SHOP002,38,950000,25000.0,44,1.1578947368421053
2025-01-07,SHOP003,50,1185000,23700.0,59,1.18
2025-01-08,SHOP001,109,2646000,24275.229357798165,124,1.1376146788990826
2025-01-08,SHOP002,30,775000,25833.333333333332,35,1.1666666666666667
2025-01-08,SHOP003,41,991000,24170.731707317074,46,1.1219512195121952
2025-01-09,SHOP001,71,1959000,27591.549295774646,84,1.1830985915492958
2025-01-09,SHOP002,31,829000,26741.935483870966,36,1.1612903225806452
2025-01-09,SHOP003,55,1605000,29181.81818181818,66,1.2
2025-01-10,SHOP001,83,2113000,25457.831325301206,96,1.1566265060240963
2025-01-10,SHOP002,36,855000,23750.0,37,1.0277777777777777
2025-01-10,SHOP003,48,1311000,27312.5,58,1.2083333333333333
2025-01-11,SHOP001,75,1931000,25746.666666666668,88,1.1733333333333333
2025-01-11,SHOP002,34,796000,23411.764705882353,40,1.1764705882352942
2025-01-11,SHOP003,45,1064000,23644.444444444445,50,1.1111111111111112
2025-01-12,SHOP001,95,2365000,24894.736842105263,109,1.1473684210526316
2025-01-12,SHOP002,31,757000,24419.354838709678,36,1.1612903225806452
2025-01-12,SHOP003,54,1398000,25888.88888888889,62,1.1481481481481481
2025-01-13,SHOP001,77,1908000,24779.22077922078,86,1.1168831168831168
2025-01-13,SHOP002,41,1039000,25341.463414634145,49,1.1951219512195121
2025-01-13,SHOP003,62,1653000,26661.290322580644,74,1.1935483870967742
2025-01-14,SHOP001,87,2213000,25436.7816091954,102,1.1724137931034482
2025-01-14,SHOP002,39,928000,23794.871794871793,44,1.1282051282051282
2025-01-14,SHOP003,56,1504000,26857.14285714286,69,1.2321428571428572
2025-01-15,SHOP001,89,2229000,25044.94382022472,102,1.146067415730337
2025-01-15,SHOP002,28,738000,26357.14285714286,35,1.25
2025-01-15,SHOP003,44,1112000,25272.727272727272,51,1.1590909090909092
2025-01-16,SHOP001,88,1998000,22704.545454545456,97,1.1022727272727273
2025-01-16,SHOP002,26,715000,27500.0,33,1.2692307692307692
2025-01-16,SHOP003,58,1324000,22827.58620689655,63,1.0862068965517242
2025-01-17,SHOP001,69,1783000,25840.579710144928,80,1.1594202898550725
2025-01-17,SHOP002,30,757000,25233.333333333332,33,1.1
2025-01-17,SHOP003,57,1555000,27280.701754385966,68,1.1929824561403508
2025-01-18,SHOP001,87,2231000,25643.67816091954,103,1.1839080459770115
2025-01-18,SHOP002,31,690000,22258.064516129034,31,1.0
2025-01-18,SHOP003,50,1264000,25280.0,56,1.12
2025-01-19,SHOP001,77,1981000,25727.272727272728,91,1.1818181818181819
2025-01-19,SHOP002,31,864000,27870.967741935485,37,1.1935483870967742
2025-01-19,SHOP003,50,1288000,25760.0,61,1.22
2025-01-20,SHOP001,86,2309000,26848.837209302324,104,1.2093023255813953
2025-01-20,SHOP002,24,586000,24416.666666666668,26,1.0833333333333333
2025-01-20,SHOP003,58,1521000,26224.137931034482,71,1.2241379310344827
2025-01-21,SHOP001,85,2237000,26317.647058823528,105,1.2352941176470589
2025-01-21,SHOP002,39,1021000,26179.48717948718,47,1.205128205128205
2025-01-21,SHOP003,71,1782000,25098.591549295776,82,1.1549295774647887
2025-01-22,SHOP001,78,2178000,27923.076923076922,97,1.2435897435897436
2025-01-22,SHOP002,29,690000,23793.103448275862,34,1.1724137931034482
2025-01-22,SHOP003,60,1462000,24366.666666666668,70,1.1666666666666667
2025-01-23,SHOP001,100,2469000,24690.0,112,1.12
2025-01-23,SHOP002,31,772000,24903.225806451614,35,1.1290322580645162
2025-01-23,SHOP003,52,1414000,27192.30769230769,63,1.2115384615384615
2025-01-24,SHOP001,90,2272000,25244.444444444445,102,1.1333333333333333
2025-01-24,SHOP002,31,695000,22419.354838709678,33,1.064516129032258
2025-01-24,SHOP003,59,1447000,24525.42372881356,66,1.11864406779661
2025-01-25,SHOP001,85,2058000,24211.764705882353,97,1.1411764705882352
2025-01-25,SHOP002,41,1058000,25804.878048780487,46,1.1219512195121952
2025-01-25,SHOP003,58,1357000,23396.55172413793,65,1.1206896551724137
2025-01-26,SHOP001,79,2058000,26050.632911392404,91,1.1518987341772151
2025-01-26,SHOP002,28,688000,24571.428571428572,32,1.1428571428571428
2025-01-26,SHOP003,48,1179000,24562.5,55,1.1458333333333333
2025-01-27,SHOP001,71,1766000,24873.23943661972,83,1.1690140845070423
2025-01-27,SHOP002,26,738000,28384.615384615383,33,1.2692307692307692
2025-01-27,SHOP003,64,1549000,24203.125,75,1.171875
2025-01-28,SHOP001,86,2153000,25034.883720930233,96,1.1162790697674418
2025-01-28,SHOP002,32,802000,25062.5,37,1.15625
2025-01-28,SHOP003,51,1269000,24882.352941176472,59,1.1568627450980393
2025-01-29,SHOP001,80,2115000,26437.5,93,1.1625
2025-01-29,SHOP002,25,635000,25400.0,30,1.2
2025-01-29,SHOP003,49,1252000,25551.020408163266,58,1.183673469387755
2025-01-30,SHOP001,88,2118000,24068.18181818182,95,1.0795454545454546
2025-01-30,SHOP002,38,947000,24921.052631578947,42,1.105263157894737
2025-01-30,SHOP003,57,1338000,23473.684210526317,64,1.1228070175438596
2025-01-31,SHOP001,96,2359000,24572.916666666668,112,1.1666666666666667
2025-01-31,SHOP002,49,1224000,24979.591836734693,56,1.1428571428571428
2025-01-31,SHOP003,62,1561000,25177.41935483871,71,1.1451612903225807
2025-02-01,SHOP001,109,2762000,25339.449541284404,127,1.165137614678899
2025-02-01,SHOP002,37,899000,24297.297297297297,41,1.1081081081081081
2025-02-01,SHOP003,70,1844000,26342.85714285714,81,1.1571428571428573
2025-02-02,SHOP001,97,2388000,24618.556701030928,107,1.1030927835051547
2025-02-02,SHOP002,35,871000,24885.714285714286,40,1.1428571428571428
2025-02-02,SHOP003,65,1583000,24353.846153846152,76,1.1692307692307693
2025-02-03,SHOP001,101,2420000,23960.396039603962,113,1.118811881188119
2025-02-03,SHOP002,40,910000,22750.0,41,1.025
2025-02-03,SHOP003,64,1605000,25078.125,74,1.15625
2025-02-04,SHOP001,105,2770000,26380.95238095238,121,1.1523809523809523
2025-02-04,SHOP002,32,883000,27593.75,40,1.25
2025-02-04,SHOP003,74,1795000,24256.756756756757,83,1.1216216216216217
2025-02-05,SHOP001,104,2778000,26711.53846153846,124,1.1923076923076923
2025-02-05,SHOP002,51,1247000,24450.980392156864,59,1.1568627450980393
2025-02-05,SHOP003,72,1740000,24166.666666666668,85,1.1805555555555556
2025-02-06,SHOP001,92,2229000,24228.260869565216,100,1.0869565217391304
2025-02-06,SHOP002,53,1264000,23849.056603773584,61,1.150943396226415
2025-02-06,SHOP003,62,1618000,26096.774193548386,72,1.1612903225806452
2025-02-07,SHOP001,98,2604000,26571.428571428572,116,1.183673469387755
2025-02-07,SHOP002,55,1210000,22000.0,58,1.0545454545454545
2025-02-07,SHOP003,83,2010000,24216.86746987952,95,1.144578313253012
2025-02-08,SHOP001,103,2512000,24388.349514563106,121,1.174757281553398
2025-02-08,SHOP002,50,1176000,23520.0,55,1.1
2025-02-08,SHOP003,57,1313000,23035.087719298244,61,1.0701754385964912
2025-02-09,SHOP001,115,3068000,26678.260869565216,135,1.173913043478261
2025-02-09,SHOP002,36,738000,20500.0,37,1.0277777777777777
2025-02-09,SHOP003,81,1932000,23851.85185185185,89,1.0987654320987654
2025-02-10,SHOP001,115,2974000,25860.869565217392,134,1.1652173913043478
2025-02-10,SHOP002,42,957000,22785.714285714286,48,1.1428571428571428
2025-02-10,SHOP003,61,1438000,23573.77049180328,70,1.1475409836065573
2025-02-11,SHOP001,105,2456000,23390.47619047619,115,1.0952380952380953
2025-02-11,SHOP002,40,974000,24350.0,49,1.225
2025-02-11,SHOP003,78,1817000,23294.871794871793,86,1.1025641025641026
2025-02-12,SHOP001,106,2568000,24226.415094339623,124,1.169811320754717
2025-02-12,SHOP002,41,1048000,25560.975609756097,46,1.1219512195121952
2025-02-12,SHOP003,66,1887000,28590.909090909092,80,1.2121212121212122
2025-02-13,SHOP001,103,2606000,25300.97087378641,122,1.1844660194174756
2025-02-13,SHOP002,39,1084000,27794.871794871793,48,1.2307692307692308
2025-02-13,SHOP003,77,1925000,25000.0,90,1.1688311688311688
2025-02-14,SHOP001,101,2563000,25376.237623762376,117,1.1584158415841583
2025-02-14,SHOP002,39,887000,22743.589743589742,40,1.0256410256410255
2025-02-14,SHOP003,72,1648000,22888.88888888889,79,1.0972222222222223
2025-02-15,SHOP001,93,2281000,24526.88172043011,104,1.118279569892473
2025-02-15,SHOP002,32,824000,25750.0,37,1.15625
2025-02-15,SHOP003,54,1346000,24925.925925925927,65,1.2037037037037037
2025-02-16,SHOP001,98,2504000,25551.020408163266,114,1.163265306122449
2025-02-16,SHOP002,42,1121000,26690.47619047619,52,1.2380952380952381
2025-02-16,SHOP003,65,1643000,25276.923076923078,76,1.1692307692307693
2025-02-17,SHOP001,117,3139000,26829.05982905983,146,1.2478632478632479
2025-02-17,SHOP002,50,1164000,23280.0,54,1.08
2025-02-17,SHOP003,63,1635000,25952.380952380954,75,1.1904761904761905
2025-02-18,SHOP001,117,2862000,24461.53846153846,132,1.1282051282051282
2025-02-18,SHOP002,42,943000,22452.380952380954,45,1.0714285714285714
2025-02-18,SHOP003,62,1648000,26580.645161290322,74,1.1935483870967742
2025-02-19,SHOP001,93,2246000,24150.537634408603,109,1.1720430107526882
2025-02-19,SHOP002,47,1239000,26361.702127659573,54,1.148936170212766
2025-02-19,SHOP003,68,1786000,26264.70588235294,81,1.1911764705882353
2025-02-20,SHOP001,91,2342000,25736.263736263736,104,1.1428571428571428
2025-02-20,SHOP002,40,942000,23550.0,44,1.1
2025-02-20,SHOP003,69,1753000,25405.797101449276,78,1.1304347826086956
2025-02-21,SHOP001,78,2045000,26217.94871794872,92,1.1794871794871795
2025-02-21,SHOP002,37,932000,25189.18918918919,41,1.1081081081081081
2025-02-21,SHOP003,77,1903000,24714.285714285714,88,1.1428571428571428
2025-02-22,SHOP001,109,2885000,26467.889908256882,128,1.1743119266055047
2025-02-22,SHOP002,35,983000,28085.714285714286,44,1.2571428571428571
2025-02-22,SHOP003,67,1883000,28104.4776119403,83,1.2388059701492538
2025-02-23,SHOP001,117,3096000,26461.53846153846,141,1.205128205128205
2025-02-23,SHOP002,29,687000,23689.655172413793,32,1.103448275862069
2025-02-23,SHOP003,63,1629000,25857.14285714286,76,1.2063492063492063
2025-02-24,SHOP001,105,2669000,25419.04761904762,123,1.1714285714285715
2025-02-24,SHOP002,47,1219000,25936.17021276596,56,1.1914893617021276
2025-02-24,SHOP003,61,1556000,25508.196721311477,73,1.1967213114754098
2025-02-25,SHOP001,102,2537000,24872.549019607843,119,1.1666666666666667
2025-02-25,SHOP002,37,849000,22945.945945945947,40,1.0810810810810811
2025-02-25,SHOP003,77,1966000,25532.467532467534,92,1.1948051948051948
2025-02-26,SHOP001,101,2539000,25138.61386138614,121,1.198019801980198
2025-02-26,SHOP002,32,772000,24125.0,36,1.125
2025-02-26,SHOP003,77,1890000,24545.454545454544,89,1.155844155844156
2025-02-27,SHOP001,98,2578000,26306.122448979593,118,1.2040816326530612
2025-02-27,SHOP002,35,995000,28428.571428571428,44,1.2571428571428571
2025-02-27,SHOP003,66,1770000,26818.18181818182,83,1.2575757575757576
2025-02-28,SHOP001,93,2308000,24817.204301075268,105,1.1290322580645162
2025-02-28,SHOP002,51,1412000,27686.274509803923,62,1.2156862745098038
2025-02-28,SHOP003,67,1658000,24746.268656716416,75,1.1194029850746268
2025-03-01,SHOP001,74,1798000,24297.297297297297,82,1.1081081081081081
2025-03-01,SHOP002,43,1137000,26441.86046511628,49,1.1395348837209303
2025-03-01,SHOP003,70,1801000,25728.571428571428,80,1.1428571428571428
2025-03-02,SHOP001,78,1917000,24576.923076923078,93,1.1923076923076923
2025-03-02,SHOP002,25,537000,21480.0,27,1.08
2025-03-02,SHOP003,73,1904000,26082.19178082192,86,1.178082191780822
2025-03-03,SHOP001,94,2370000,25212.76595744681,105,1.1170212765957446
2025-03-03,SHOP002,31,766000,24709.677419354837,37,1.1935483870967742
2025-03-03,SHOP003,78,1969000,25243.589743589742,92,1.1794871794871795
2025-03-04,SHOP001,111,2750000,24774.774774774774,127,1.1441441441441442
2025-03-04,SHOP002,32,935000,29218.75,39,1.21875
2025-03-04,SHOP003,61,1530000,25081.967213114753,74,1.2131147540983607
2025-03-05,SHOP001,87,2226000,25586.206896551725,100,1.1494252873563218
2025-03-05,SHOP002,39,962000,24666.666666666668,46,1.1794871794871795
2025-03-05,SHOP003,78,1870000,23974.358974358973,89,1.141025641025641
2025-03-06,SHOP001,97,2496000,25731.9587628866,112,1.1546391752577319
2025-03-06,SHOP002,26,659000,25346.153846153848,29,1.1153846153846154
2025-03-06,SHOP003,56,1372000,24500.0,68,1.2142857142857142
2025-03-07,SHOP001,74,1775000,23986.486486486487,85,1.1486486486486487
2025-03-07,SHOP002,29,655000,22586.206896551725,31,1.0689655172413792
2025-03-07,SHOP003,75,1923000,25640.0,84,1.12
2025-03-08,SHOP001,91,2198000,24153.846153846152,102,1.120879120879121
2025-03-08,SHOP002,28,778000,27785.714285714286,31,1.1071428571428572
2025-03-08,SHOP003,55,1377000,25036.363636363636,63,1.1454545454545455
2025-03-09,SHOP001,97,2521000,25989.690721649484,111,1.1443298969072164
2025-03-09,SHOP002,28,739000,26392.85714285714,32,1.1428571428571428
2025-03-09,SHOP003,69,1610000,23333.333333333332,76,1.1014492753623188
2025-03-10,SHOP001,103,2483000,24106.796116504855,116,1.1262135922330097
2025-03-10,SHOP002,33,839000,25424.242424242424,39,1.1818181818181819
2025-03-10,SHOP003,69,1580000,22898.55072463768,75,1.0869565217391304
2025-03-11,SHOP001,91,2292000,25186.813186813186,104,1.1428571428571428
2025-03-11,SHOP002,28,653000,23321.428571428572,31,1.1071428571428572
2025-03-11,SHOP003,70,1684000,24057.14285714286,79,1.1285714285714286
2025-03-12,SHOP001,95,2348000,24715.78947368421,107,1.1263157894736842
2025-03-12,SHOP002,45,1206000,26800.0,54,1.2
2025-03-12,SHOP003,70,1906000,27228.571428571428,86,1.2285714285714286
2025-03-13,SHOP001,92,2269000,24663.043478260868,108,1.173913043478261
2025-03-13,SHOP002,32,878000,27437.5,37,1.15625
2025-03-13,SHOP003,78,2127000,27269.23076923077,93,1.1923076923076923
2025-03-14,SHOP001,93,2427000,26096.774193548386,111,1.1935483870967742
2025-03-14,SHOP002,32,865000,27031.25,39,1.21875
2025-03-14,SHOP003,71,1723000,24267.605633802817,79,1.1126760563380282
2025-03-15,SHOP001,90,2065000,22944.444444444445,99,1.1
2025-03-15,SHOP002,41,909000,22170.731707317074,44,1.0731707317073171
2025-03-15,SHOP003,71,1731000,24380.281690140844,82,1.1549295774647887
2025-03-16,SHOP001,81,2077000,25641.975308641977,94,1.1604938271604939
2025-03-16,SHOP002,46,1106000,24043.478260869564,54,1.173913043478261
2025-03-16,SHOP003,82,2128000,25951.219512195123,96,1.170731707317073
2025-03-17,SHOP001,78,2052000,26307.69230769231,92,1.1794871794871795
2025-03-17,SHOP002,36,883000,24527.777777777777,42,1.1666666666666667
2025-03-17,SHOP003,56,1452000,25928.571428571428,70,1.25
2025-03-18,SHOP001,99,2554000,25797.9797979798,118,1.1919191919191918
2025-03-18,SHOP002,43,1107000,25744.18604651163,51,1.186046511627907
2025-03-18,SHOP003,70,1635000,23357.14285714286,76,1.0857142857142856
2025-03-19,SHOP001,85,2352000,27670.58823529412,102,1.2
2025-03-19,SHOP002,31,743000,23967.74193548387,35,1.1290322580645162
2025-03-19,SHOP003,85,2116000,24894.117647058825,100,1.1764705882352942
2025-03-20,SHOP001,92,2402000,26108.695652173912,112,1.2173913043478262
2025-03-20,SHOP002,36,818000,22722.222222222223,38,1.0555555555555556
2025-03-20,SHOP003,74,1833000,24770.27027027027,80,1.0810810810810811
2025-03-21,SHOP001,91,2253000,24758.24175824176,101,1.10989010989011
2025-03-21,SHOP002,26,545000,20961.53846153846,29,1.1153846153846154
2025-03-21,SHOP003,65,1617000,24876.923076923078,73,1.123076923076923
2025-03-22,SHOP001,73,1695000,23219.178082191782,79,1.082191780821918
2025-03-22,SHOP002,30,764000,25466.666666666668,36,1.2
2025-03-22,SHOP003,55,1289000,23436.363636363636,60,1.0909090909090908
2025-03-23,SHOP001,83,2115000,25481.927710843374,96,1.1566265060240963
2025-03-23,SHOP002,30,610000,20333.333333333332,31,1.0333333333333334
2025-03-23,SHOP003,85,2290000,26941.176470588234,100,1.1764705882352942
2025-03-24,SHOP001,95,2515000,26473.684210526317,111,1.168421052631579
2025-03-24,SHOP002,45,1167000,25933.333333333332,55,1.2222222222222223
2025-03-24,SHOP003,76,1853000,24381.57894736842,84,1.105263157894737
2025-03-25,SHOP001,96,2357000,24552.083333333332,114,1.1875
2025-03-25,SHOP002,28,756000,27000.0,33,1.1785714285714286
2025-03-25,SHOP003,65,1663000,25584.615384615383,75,1.1538461538461537
2025-03-26,SHOP001,73,1870000,25616.438356164384,83,1.1369863013698631
2025-03-26,SHOP002,39,980000,25128.20512820513,45,1.1538461538461537
2025-03-26,SHOP003,69,1775000,25724.63768115942,80,1.1594202898550725
2025-03-27,SHOP001,99,2545000,25707.070707070707,112,1.1313131313131313
2025-03-27,SHOP002,36,951000,26416.666666666668,43,1.1944444444444444
2025-03-27,SHOP003,73,2016000,27616.438356164384,88,1.2054794520547945
2025-03-28,SHOP001,95,2370000,24947.36842105263,108,1.1368421052631579
2025-03-28,SHOP002,29,713000,24586.206896551725,34,1.1724137931034482
2025-03-28,SHOP003,85,2104000,24752.941176470587,98,1.1529411764705881
2025-03-29,SHOP001,95,2358000,24821.052631578947,109,1.1473684210526316
2025-03-29,SHOP002,36,833000,23138.88888888889,37,1.0277777777777777
2025-03-29,SHOP003,81,2033000,25098.765432098764,92,1.1358024691358024
2025-03-30,SHOP001,97,2398000,24721.649484536083,113,1.1649484536082475
2025-03-30,SHOP002,36,893000,24805.555555555555,41,1.1388888888888888
2025-03-30,SHOP003,67,1637000,24432.83582089552,73,1.0895522388059702
2025-03-31,SHOP001,99,2467000,24919.19191919192,113,1.1414141414141414
2025-03-31,SHOP002,36,916000,25444.444444444445,42,1.1666666666666667
2025-03-31,SHOP003,87,2219000,25505.74712643678,101,1.160919540229885
2025-04-01,SHOP001,84,2090000,24880.95238095238,100,1.1904761904761905
2025-04-01,SHOP002,20,437000,21850.0,22,1.1
2025-04-01,SHOP003,23,537000,23347.82608695652,25,1.0869565217391304
2025-04-02,SHOP001,100,2525000,25250.0,115,1.15
2025-04-02,SHOP002,23,572000,24869.565217391304,27,1.173913043478261
2025-04-02,SHOP003,25,675000,27000.0,32,1.28
2025-04-03,SHOP001,90,2427000,26966.666666666668,108,1.2
2025-04-03,SHOP002,26,620000,23846.153846153848,30,1.1538461538461537
2025-04-03,SHOP003,33,837000,25363.636363636364,38,1.1515151515151516
2025-04-04,SHOP001,100,2337000,23370.0,110,1.1
2025-04-04,SHOP002,26,583000,22423.076923076922,27,1.0384615384615385
2025-04-04,SHOP003,23,592000,25739.130434782608,27,1.173913043478261
2025-04-05,SHOP001,98,2482000,25326.530612244896,113,1.153061224489796
2025-04-05,SHOP002,37,886000,23945.945945945947,42,1.135135135135135
2025-04-05,SHOP003,33,940000,28484.848484848484,41,1.2424242424242424
2025-04-06,SHOP001,95,2379000,25042.105263157893,107,1.1263157894736842
2025-04-06,SHOP002,17,478000,28117.647058823528,20,1.1764705882352942
2025-04-06,SHOP003,21,513000,24428.571428571428,26,1.2380952380952381
2025-04-07,SHOP001,81,2027000,25024.69135802469,93,1.1481481481481481
2025-04-07,SHOP002,31,719000,23193.548387096773,34,1.096774193548387
2025-04-07,SHOP003,32,937000,29281.25,42,1.3125
2025-04-08,SHOP001,94,2321000,24691.489361702126,107,1.1382978723404256
2025-04-08,SHOP002,33,871000,26393.939393939392,38,1.1515151515151516
2025-04-08,SHOP003,27,684000,25333.333333333332,32,1.1851851851851851
2025-04-09,SHOP001,102,2663000,26107.843137254902,118,1.1568627450980393
2025-04-09,SHOP002,17,448000,26352.941176470587,20,1.1764705882352942
2025-04-09,SHOP003,30,772000,25733.333333333332,37,1.2333333333333334
2025-04-10,SHOP001,111,3146000,28342.34234234234,137,1.2342342342342343
2025-04-10,SHOP002,28,683000,24392.85714285714,34,1.2142857142857142
2025-04-10,SHOP003,32,974000,30437.5,42,1.3125
2025-04-11,SHOP001,100,2709000,27090.0,124,1.24
2025-04-11,SHOP002,26,633000,24346.153846153848,27,1.0384615384615385
2025-04-11,SHOP003,29,678000,23379.310344827587,33,1.1379310344827587
2025-04-12,SHOP001,95,2482000,26126.315789473683,110,1.1578947368421053
2025-04-12,SHOP002,26,764000,29384.615384615383,32,1.2307692307692308
2025-04-12,SHOP003,21,591000,28142.85714285714,25,1.1904761904761905
2025-04-13,SHOP001,86,2247000,26127.906976744187,100,1.1627906976744187
2025-04-13,SHOP002,23,539000,23434.782608695652,25,1.0869565217391304
2025-04-13,SHOP003,34,837000,24617.647058823528,38,1.1176470588235294
2025-04-14,SHOP001,95,2462000,25915.78947368421,109,1.1473684210526316
2025-04-14,SHOP002,25,587000,23480.0,28,1.12
2025-04-14,SHOP003,27,710000,26296.296296296296,33,1.2222222222222223
2025-04-15,SHOP001,82,2168000,26439.024390243903,97,1.1829268292682926
2025-04-15,SHOP002,28,688000,24571.428571428572,31,1.1071428571428572
2025-04-15,SHOP003,32,734000,22937.5,36,1.125
2025-04-16,SHOP001,91,2412000,26505.494505494506,109,1.1978021978021978
2025-04-16,SHOP002,19,573000,30157.894736842107,24,1.263157894736842
2025-04-16,SHOP003,34,940000,27647.058823529413,42,1.2352941176470589
2025-04-17,SHOP001,88,2337000,26556.81818181818,107,1.2159090909090908
2025-04-17,SHOP002,29,763000,26310.344827586207,34,1.1724137931034482
2025-04-17,SHOP003,25,537000,21480.0,28,1.12
2025-04-18,SHOP001,83,2156000,25975.90361445783,92,1.108433734939759
2025-04-18,SHOP002,43,1096000,25488.372093023256,50,1.1627906976744187
2025-04-18,SHOP003,27,716000,26518.51851851852,34,1.2592592592592593
2025-04-19,SHOP001,92,2297000,24967.391304347828,108,1.173913043478261
2025-04-19,SHOP002,13,393000,30230.76923076923,15,1.1538461538461537
2025-04-19,SHOP003,24,633000,26375.0,28,1.1666666666666667
2025-04-20,SHOP001,88,2317000,26329.545454545456,103,1.1704545454545454
2025-04-20,SHOP002,22,575000,26136.363636363636,25,1.1363636363636365
2025-04-20,SHOP003,27,703000,26037.037037037036,33,1.2222222222222223
2025-04-21,SHOP001,69,1887000,27347.82608695652,86,1.2463768115942029
2025-04-21,SHOP002,32,879000,27468.75,41,1.28125
2025-04-21,SHOP003,37,930000,25135.135135135137,44,1.1891891891891893
2025-04-22,SHOP001,78,2049000,26269.23076923077,93,1.1923076923076923
2025-04-22,SHOP002,23,616000,26782.608695652172,25,1.0869565217391304
2025-04-22,SHOP003,26,650000,25000.0,30,1.1538461538461537
2025-04-23,SHOP001,78,1842000,23615.384615384617,87,1.1153846153846154
2025-04-23,SHOP002,23,602000,26173.91304347826,26,1.1304347826086956
2025-04-23,SHOP003,34,929000,27323.529411764706,41,1.2058823529411764
2025-04-24,SHOP001,77,1889000,24532.467532467534,90,1.1688311688311688
2025-04-24,SHOP002,40,960000,24000.0,47,1.175
2025-04-24,SHOP003,23,527000,22913.043478260868,24,1.0434782608695652
2025-04-25,SHOP001,88,2157000,24511.363636363636,99,1.125
2025-04-25,SHOP002,24,642000,26750.0,27,1.125
2025-04-25,SHOP003,33,780000,23636.363636363636,41,1.2424242424242424
2025-04-26,SHOP001,93,2243000,24118.279569892475,104,1.118279569892473
2025-04-26,SHOP002,30,728000,24266.666666666668,34,1.1333333333333333
2025-04-26,SHOP003,25,636000,25440.0,30,1.2
2025-04-27,SHOP001,81,2074000,25604.938271604937,96,1.1851851851851851
2025-04-27,SHOP002,31,847000,27322.58064516129,37,1.1935483870967742
2025-04-27,SHOP003,28,757000,27035.714285714286,34,1.2142857142857142
2025-04-28,SHOP001,85,2131000,25070.58823529412,95,1.1176470588235294
2025-04-28,SHOP002,25,592000,23680.0,30,1.2
2025-04-28,SHOP003,28,772000,27571.428571428572,34,1.2142857142857142
2025-04-29,SHOP001,94,2385000,25372.340425531915,107,1.1382978723404256
2025-04-29,SHOP002,19,531000,27947.36842105263,24,1.263157894736842
2025-04-29,SHOP003,21,587000,27952.380952380954,26,1.2380952380952381
2025-04-30,SHOP001,80,2171000,27137.5,97,1.2125
2025-04-30,SHOP002,15,333000,22200.0,17,1.1333333333333333
2025-04-30,SHOP003,29,637000,21965.51724137931,31,1.0689655172413792
2025-05-01,SHOP001,73,1825000,25000.0,85,1.1643835616438356
2025-05-01,SHOP002,30,794000,26466.666666666668,36,1.2
2025-05-01,SHOP003,54,1477000,27351.85185185185,65,1.2037037037037037
2025-05-02,SHOP001,88,2188000,24863.636363636364,99,1.125
2025-05-02,SHOP002,33,800000,24242.424242424244,38,1.1515151515151516
2025-05-02,SHOP003,65,1587000,24415.384615384617,75,1.1538461538461537
2025-05-03,SHOP001,97,2469000,25453.60824742268,111,1.1443298969072164
2025-05-03,SHOP002,28,603000,21535.714285714286,30,1.0714285714285714
2025-05-03,SHOP003,51,1193000,23392.156862745098,58,1.1372549019607843
2025-05-04,SHOP001,79,2015000,25506.32911392405,91,1.1518987341772151
2025-05-04,SHOP002,39,1060000,27179.48717948718,47,1.205128205128205
2025-05-04,SHOP003,56,1484000,26500.0,67,1.1964285714285714
2025-05-05,SHOP001,70,1799000,25700.0,86,1.2285714285714286
2025-05-05,SHOP002,27,675000,25000.0,31,1.1481481481481481
2025-05-05,SHOP003,67,1810000,27014.925373134327,78,1.164179104477612
2025-05-06,SHOP001,80,1997000,24962.5,94,1.175
2025-05-06,SHOP002,30,669000,22300.0,32,1.0666666666666667
2025-05-06,SHOP003,54,1363000,25240.74074074074,63,1.1666666666666667
2025-05-07,SHOP001,89,2304000,25887.6404494382,103,1.1573033707865168
2025-05-07,SHOP002,38,911000,23973.684210526317,40,1.0526315789473684
2025-05-07,SHOP003,61,1581000,25918.032786885247,73,1.1967213114754098
2025-05-08,SHOP001,81,2082000,25703.703703703704,99,1.2222222222222223
2025-05-08,SHOP002,35,770000,22000.0,40,1.1428571428571428
2025-05-08,SHOP003,47,1203000,25595.744680851065,55,1.1702127659574468
2025-05-09,SHOP001,76,1798000,23657.894736842107,88,1.1578947368421053
2025-05-09,SHOP002,33,874000,26484.848484848484,40,1.2121212121212122
2025-05-09,SHOP003,58,1410000,24310.344827586207,65,1.1206896551724137
2025-05-10,SHOP001,89,2330000,26179.775280898877,108,1.2134831460674158
2025-05-10,SHOP002,30,778000,25933.333333333332,34,1.1333333333333333
2025-05-10,SHOP003,63,1704000,27047.619047619046,78,1.2380952380952381
2025-05-11,SHOP001,100,2521000,25210.0,120,1.2
2025-05-11,SHOP002,39,1117000,28641.02564102564,46,1.1794871794871795
2025-05-11,SHOP003,58,1303000,22465.51724137931,65,1.1206896551724137
2025-05-12,SHOP001,79,1967000,24898.73417721519,91,1.1518987341772151
2025-05-12,SHOP002,28,604000,21571.428571428572,29,1.0357142857142858
2025-05-12,SHOP003,40,1026000,25650.0,46,1.15
2025-05-13,SHOP001,92,2257000,24532.608695652172,104,1.1304347826086956
2025-05-13,SHOP002,36,914000,25388.88888888889,43,1.1944444444444444
2025-05-13,SHOP003,38,883000,23236.842105263157,44,1.1578947368421053
2025-05-14,SHOP001,91,2210000,24285.714285714286,101,1.10989010989011
2025-05-14,SHOP002,36,774000,21500.0,39,1.0833333333333333
2025-05-14,SHOP003,50,1182000,23640.0,56,1.12
2025-05-15,SHOP001,66,1648000,24969.696969696968,74,1.121212121212121
2025-05-15,SHOP002,34,903000,26558.823529411766,40,1.1764705882352942
2025-05-15,SHOP003,48,1189000,24770.833333333332,52,1.0833333333333333
2025-05-16,SHOP001,97,2538000,26164.94845360825,116,1.1958762886597938
2025-05-16,SHOP002,30,695000,23166.666666666668,33,1.1
2025-05-16,SHOP003,52,1313000,25250.0,61,1.1730769230769231
2025-05-17,SHOP001,85,2137000,25141.176470588234,99,1.1647058823529413
2025-05-17,SHOP002,29,726000,25034.48275862069,34,1.1724137931034482
2025-05-17,SHOP003,40,915000,22875.0,43,1.075
2025-05-18,SHOP001,79,1850000,23417.721518987342,85,1.0759493670886076
2025-05-18,SHOP002,34,896000,26352.941176470587,42,1.2352941176470589
2025-05-18,SHOP003,50,1297000,25940.0,59,1.18
2025-05-19,SHOP001,85,2215000,26058.823529411766,97,1.1411764705882352
2025-05-19,SHOP002,33,785000,23787.878787878788,37,1.121212121212121
2025-05-19,SHOP003,72,1844000,25611.11111111111,84,1.1666666666666667
2025-05-20,SHOP001,83,2149000,25891.566265060243,95,1.144578313253012
2025-05-20,SHOP002,36,844000,23444.444444444445,40,1.1111111111111112
2025-05-20,SHOP003,54,1516000,28074.074074074073,69,1.2777777777777777
2025-05-21,SHOP001,90,2205000,24500.0,104,1.1555555555555554
2025-05-21,SHOP002,45,1128000,25066.666666666668,52,1.1555555555555554
2025-05-21,SHOP003,58,1448000,24965.51724137931,66,1.1379310344827587
2025-05-22,SHOP001,71,1850000,26056.338028169015,83,1.1690140845070423
2025-05-22,SHOP002,27,641000,23740.74074074074,30,1.1111111111111112
2025-05-22,SHOP003,57,1505000,26403.508771929824,68,1.1929824561403508
2025-05-23,SHOP001,71,1895000,26690.140845070422,84,1.1830985915492958
2025-05-23,SHOP002,31,875000,28225.8064516129,36,1.1612903225806452
2025-05-23,SHOP003,53,1360000,25660.377358490565,61,1.150943396226415
2025-05-24,SHOP001,92,2347000,25510.869565217392,106,1.1521739130434783
2025-05-24,SHOP002,38,1064000,28000.0,46,1.2105263157894737
2025-05-24,SHOP003,60,1725000,28750.0,76,1.2666666666666666
2025-05-25,SHOP001,79,1897000,24012.6582278481,89,1.1265822784810127
2025-05-25,SHOP002,45,1133000,25177.777777777777,53,1.1777777777777778
2025-05-25,SHOP003,63,1488000,23619.04761904762,72,1.1428571428571428
2025-05-26,SHOP001,83,2013000,24253.01204819277,94,1.1325301204819278
2025-05-26,SHOP002,41,1025000,25000.0,46,1.1219512195121952
2025-05-26,SHOP003,54,1287000,23833.333333333332,59,1.0925925925925926
2025-05-27,SHOP001,84,2217000,26392.85714285714,99,1.1785714285714286
2025-05-27,SHOP002,47,1213000,25808.510638297874,53,1.127659574468085
2025-05-27,SHOP003,67,1722000,25701.492537313432,78,1.164179104477612
2025-05-28,SHOP001,73,1732000,23726.027397260274,79,1.082191780821918
2025-05-28,SHOP002,33,934000,28303.030303030304,42,1.2727272727272727
2025-05-28,SHOP003,44,1091000,24795.454545454544,50,1.1363636363636365
2025-05-29,SHOP001,80,1744000,21800.0,83,1.0375
2025-05-29,SHOP002,36,876000,24333.333333333332,41,1.1388888888888888
2025-05-29,SHOP003,52,1162000,22346.153846153848,57,1.0961538461538463
2025-05-30,SHOP001,73,1858000,25452.054794520547,84,1.1506849315068493
2025-05-30,SHOP002,25,648000,25920.0,29,1.16
2025-05-30,SHOP003,42,996000,23714.285714285714,46,1.0952380952380953
2025-05-31,SHOP001,73,1906000,26109.58904109589,86,1.178082191780822
2025-05-31,SHOP002,26,684000,26307.69230769231,30,1.1538461538461537
2025-05-31,SHOP003,47,1199000,25510.63829787234,55,1.1702127659574468
2025-06-01,SHOP001,130,3185000,24500.0,151,1.1615384615384616
2025-06-01,SHOP002,50,1210000,24200.0,55,1.1
2025-06-01,SHOP003,87,2216000,25471.264367816093,104,1.1954022988505748
2025-06-02,SHOP001,130,3161000,24315.384615384617,155,1.1923076923076923
2025-06-02,SHOP002,41,928000,22634.146341463416,46,1.1219512195121952
2025-06-02,SHOP003,77,1932000,25090.909090909092,91,1.1818181818181819
2025-06-03,SHOP001,101,2554000,25287.128712871287,118,1.1683168316831682
2025-06-03,SHOP002,43,1125000,26162.79069767442,54,1.255813953488372
2025-06-03,SHOP003,67,1669000,24910.44776119403,78,1.164179104477612
2025-06-04,SHOP001,112,2715000,24241.071428571428,127,1.1339285714285714
2025-06-04,SHOP002,47,1098000,23361.702127659573,52,1.1063829787234043
2025-06-04,SHOP003,85,2223000,26152.941176470587,100,1.1764705882352942
2025-06-05,SHOP001,107,2659000,24850.467289719625,122,1.1401869158878504
2025-06-05,SHOP002,61,1685000,27622.950819672133,76,1.2459016393442623
2025-06-05,SHOP003,63,1482000,23523.809523809523,69,1.0952380952380953
2025-06-06,SHOP001,119,2863000,24058.823529411766,135,1.134453781512605
2025-06-06,SHOP002,59,1447000,24525.42372881356,66,1.11864406779661
2025-06-06,SHOP003,69,1736000,25159.420289855072,81,1.173913043478261
2025-06-07,SHOP001,93,2349000,25258.064516129034,107,1.1505376344086022
2025-06-07,SHOP002,48,1159000,24145.833333333332,51,1.0625
2025-06-07,SHOP003,69,1901000,27550.72463768116,82,1.1884057971014492
2025-06-08,SHOP001,105,2580000,24571.428571428572,124,1.180952380952381
2025-06-08,SHOP002,47,1304000,27744.68085106383,56,1.1914893617021276
2025-06-08,SHOP003,73,1934000,26493.15068493151,84,1.1506849315068493
2025-06-09,SHOP001,107,2785000,26028.03738317757,126,1.1775700934579438
2025-06-09,SHOP002,49,1417000,28918.367346938776,60,1.2244897959183674
2025-06-09,SHOP003,77,1820000,23636.363636363636,91,1.1818181818181819
2025-06-10,SHOP001,117,2846000,24324.786324786324,132,1.1282051282051282
2025-06-10,SHOP002,48,1316000,27416.666666666668,59,1.2291666666666667
2025-06-10,SHOP003,77,1931000,25077.922077922078,91,1.1818181818181819
2025-06-11,SHOP001,97,2588000,26680.41237113402,118,1.2164948453608246
2025-06-11,SHOP002,48,1226000,25541.666666666668,57,1.1875
2025-06-11,SHOP003,64,1437000,22453.125,70,1.09375
2025-06-12,SHOP001,115,2917000,25365.217391304348,134,1.1652173913043478
2025-06-12,SHOP002,68,1809000,26602.941176470587,80,1.1764705882352942
2025-06-12,SHOP003,69,1716000,24869.565217391304,74,1.0724637681159421
2025-06-13,SHOP001,113,2866000,25362.83185840708,127,1.1238938053097345
2025-06-13,SHOP002,69,1703000,24681.159420289856,76,1.1014492753623188
2025-06-13,SHOP003,79,2100000,26582.278481012658,91,1.1518987341772151
2025-06-14,SHOP001,107,2929000,27373.831775700935,129,1.205607476635514
2025-06-14,SHOP002,46,1107000,24065.217391304348,51,1.108695652173913
2025-06-14,SHOP003,72,1765000,24513.88888888889,83,1.1527777777777777
2025-06-15,SHOP001,134,3258000,24313.432835820895,153,1.1417910447761195
2025-06-15,SHOP002,63,1402000,22253.968253968254,67,1.0634920634920635
2025-06-15,SHOP003,80,1937000,24212.5,94,1.175
2025-06-16,SHOP001,106,2608000,24603.77358490566,120,1.1320754716981132
2025-06-16,SHOP002,37,1029000,27810.81081081081,47,1.2702702702702702
2025-06-16,SHOP003,75,1842000,24560.0,88,1.1733333333333333
2025-06-17,SHOP001,119,3042000,25563.025210084033,142,1.1932773109243697
2025-06-17,SHOP002,68,1844000,27117.647058823528,81,1.1911764705882353
2025-06-17,SHOP003,80,2121000,26512.5,91,1.1375
2025-06-18,SHOP001,106,2671000,25198.11320754717,121,1.1415094339622642
2025-06-18,SHOP002,61,1527000,25032.786885245903,72,1.180327868852459
2025-06-18,SHOP003,84,2064000,24571.428571428572,98,1.1666666666666667
2025-06-19,SHOP001,134,3196000,23850.746268656716,149,1.1119402985074627
2025-06-19,SHOP002,54,1303000,24129.62962962963,62,1.1481481481481481
2025-06-19,SHOP003,62,1482000,23903.225806451614,71,1.1451612903225807
2025-06-20,SHOP001,109,2749000,25220.183486238533,127,1.165137614678899
2025-06-20,SHOP002,68,1758000,25852.941176470587,80,1.1764705882352942
2025-06-20,SHOP003,67,1657000,24731.34328358209,77,1.1492537313432836
2025-06-21,SHOP001,124,3168000,25548.387096774193,142,1.1451612903225807
2025-06-21,SHOP002,64,1567000,24484.375,71,1.109375
2025-06-21,SHOP003,78,2191000,28089.74358974359,95,1.2179487179487178
2025-06-22,SHOP001,112,2819000,25169.64285714286,128,1.1428571428571428
2025-06-22,SHOP002,50,1321000,26420.0,56,1.12
2025-06-22,SHOP003,76,1867000,24565.78947368421,84,1.105263157894737
2025-06-23,SHOP001,115,2762000,24017.391304347828,128,1.1130434782608696
2025-06-23,SHOP002,52,1359000,26134.615384615383,61,1.1730769230769231
2025-06-23,SHOP003,79,2105000,26645.569620253165,94,1.1898734177215189
2025-06-24,SHOP001,125,3241000,25928.0,151,1.208
2025-06-24,SHOP002,50,1155000,23100.0,55,1.1
2025-06-24,SHOP003,68,1608000,23647.058823529413,75,1.1029411764705883
2025-06-25,SHOP001,130,3177000,24438.46153846154,144,1.1076923076923078
2025-06-25,SHOP002,43,981000,22813.95348837209,46,1.069767441860465
2025-06-25,SHOP003,83,1972000,23759.036144578313,95,1.144578313253012
2025-06-26,SHOP001,124,3020000,24354.83870967742,137,1.1048387096774193
2025-06-26,SHOP002,63,1512000,24000.0,71,1.126984126984127
2025-06-26,SHOP003,70,1825000,26071.428571428572,80,1.1428571428571428
2025-06-27,SHOP001,121,3216000,26578.512396694216,140,1.1570247933884297
2025-06-27,SHOP002,65,1496000,23015.384615384617,69,1.0615384615384615
2025-06-27,SHOP003,74,1956000,26432.432432432433,87,1.1756756756756757
2025-06-28,SHOP001,109,2890000,26513.761467889908,133,1.2201834862385321
2025-06-28,SHOP002,54,1348000,24962.962962962964,63,1.1666666666666667
2025-06-28,SHOP003,63,1474000,23396.825396825396,75,1.1904761904761905
2025-06-29,SHOP001,111,2831000,25504.504504504504,127,1.1441441441441442
2025-06-29,SHOP002,48,1194000,24875.0,52,1.0833333333333333
2025-06-29,SHOP003,66,1745000,26439.39393939394,80,1.2121212121212122
2025-06-30,SHOP001,120,3032000,25266.666666666668,138,1.15
2025-06-30,SHOP002,63,1649000,26174.603174603173,74,1.1746031746031746
2025-06-30,SHOP003,60,1405000,23416.666666666668,67,1.1166666666666667
2025-07-01,SHOP001,113,2827000,25017.699115044248,131,1.1592920353982301
2025-07-01,SHOP002,66,1720000,26060.60606060606,77,1.1666666666666667
2025-07-01,SHOP003,66,1735000,26287.878787878788,81,1.2272727272727273
2025-07-02,SHOP001,109,2687000,24651.376146788993,127,1.165137614678899
2025-07-02,SHOP002,41,1051000,25634.146341463416,45,1.0975609756097562
2025-07-02,SHOP003,77,2083000,27051.948051948053,91,1.1818181818181819
2025-07-03,SHOP001,98,2361000,24091.836734693876,105,1.0714285714285714
2025-07-03,SHOP002,65,1614000,24830.76923076923,75,1.1538461538461537
2025-07-03,SHOP003,58,1444000,24896.55172413793,66,1.1379310344827587
2025-07-04,SHOP001,88,2137000,24284.090909090908,102,1.1590909090909092
2025-07-04,SHOP002,55,1543000,28054.545454545456,71,1.290909090909091
2025-07-04,SHOP003,69,1748000,25333.333333333332,79,1.144927536231884
2025-07-05,SHOP001,92,2279000,24771.739130434784,107,1.1630434782608696
2025-07-05,SHOP002,59,1454000,24644.06779661017,66,1.11864406779661
2025-07-05,SHOP003,69,1645000,23840.579710144928,77,1.1159420289855073
2025-07-06,SHOP001,95,2488000,26189.473684210527,111,1.168421052631579
2025-07-06,SHOP002,54,1258000,23296.296296296296,60,1.1111111111111112
2025-07-06,SHOP003,72,1823000,25319.444444444445,83,1.1527777777777777
2025-07-07,SHOP001,85,2162000,25435.29411764706,100,1.1764705882352942
2025-07-07,SHOP002,48,1207000,25145.833333333332,58,1.2083333333333333
2025-07-07,SHOP003,73,1898000,26000.0,87,1.1917808219178083
2025-07-08,SHOP001,95,2481000,26115.78947368421,107,1.1263157894736842
2025-07-08,SHOP002,53,1362000,25698.11320754717,59,1.1132075471698113
2025-07-08,SHOP003,60,1477000,24616.666666666668,68,1.1333333333333333
2025-07-09,SHOP001,103,2636000,25592.233009708736,119,1.1553398058252426
2025-07-09,SHOP002,65,1656000,25476.923076923078,76,1.1692307692307693
2025-07-09,SHOP003,77,1925000,25000.0,88,1.1428571428571428
2025-07-10,SHOP001,107,2564000,23962.616822429907,117,1.0934579439252337
2025-07-10,SHOP002,59,1560000,26440.677966101695,67,1.1355932203389831
2025-07-10,SHOP003,61,1571000,25754.09836065574,72,1.180327868852459
2025-07-11,SHOP001,102,2479000,24303.92156862745,117,1.1470588235294117
2025-07-11,SHOP002,46,993000,21586.956521739132,48,1.0434782608695652
2025-07-11,SHOP003,86,2170000,25232.558139534885,98,1.1395348837209303
2025-07-12,SHOP001,95,2298000,24189.473684210527,105,1.105263157894737
2025-07-12,SHOP002,55,1334000,24254.545454545456,64,1.1636363636363636
2025-07-12,SHOP003,70,1753000,25042.85714285714,78,1.1142857142857143
2025-07-13,SHOP001,115,2786000,24226.08695652174,127,1.1043478260869566
2025-07-13,SHOP002,56,1576000,28142.85714285714,71,1.2678571428571428
2025-07-13,SHOP003,68,1709000,25132.352941176472,77,1.1323529411764706
2025-07-14,SHOP001,98,2619000,26724.48979591837,116,1.183673469387755
2025-07-14,SHOP002,49,1265000,25816.326530612245,56,1.1428571428571428
2025-07-14,SHOP003,51,1300000,25490.196078431374,60,1.1764705882352942
2025-07-15,SHOP001,98,2313000,23602.04081632653,111,1.1326530612244898
2025-07-15,SHOP002,51,1277000,25039.21568627451,58,1.1372549019607843
2025-07-15,SHOP003,72,1873000,26013.88888888889,86,1.1944444444444444
2025-07-16,SHOP001,110,2685000,24409.090909090908,127,1.1545454545454545
2025-07-16,SHOP002,46,1099000,23891.304347826088,50,1.0869565217391304
2025-07-16,SHOP003,78,1955000,25064.102564102563,86,1.1025641025641026
2025-07-17,SHOP001,104,2680000,25769.23076923077,126,1.2115384615384615
2025-07-17,SHOP002,51,1364000,26745.098039215685,61,1.196078431372549
2025-07-17,SHOP003,68,1869000,27485.29411764706,84,1.2352941176470589
2025-07-18,SHOP001,114,2748000,24105.263157894737,132,1.1578947368421053
2025-07-18,SHOP002,58,1471000,25362.068965517243,70,1.206896551724138
2025-07-18,SHOP003,69,1588000,23014.492753623188,78,1.1304347826086956
2025-07-19,SHOP001,117,3066000,26205.128205128207,139,1.188034188034188
2025-07-19,SHOP002,51,1359000,26647.058823529413,60,1.1764705882352942
2025-07-19,SHOP003,67,1615000,24104.4776119403,74,1.1044776119402986
2025-07-20,SHOP001,91,2167000,23813.186813186814,102,1.120879120879121
2025-07-20,SHOP002,55,1326000,24109.090909090908,60,1.0909090909090908
2025-07-20,SHOP003,58,1412000,24344.827586206895,63,1.0862068965517242
2025-07-21,SHOP001,116,2985000,25732.758620689656,137,1.1810344827586208
2025-07-21,SHOP002,52,1424000,27384.615384615383,62,1.1923076923076923
2025-07-21,SHOP003,60,1452000,24200.0,70,1.1666666666666667
2025-07-22,SHOP001,94,2523000,26840.425531914894,114,1.2127659574468086
2025-07-22,SHOP002,47,1233000,26234.042553191488,56,1.1914893617021276
2025-07-22,SHOP003,80,2028000,25350.0,95,1.1875
2025-07-23,SHOP001,118,2993000,25364.406779661018,134,1.1355932203389831
2025-07-23,SHOP002,53,1257000,23716.98113207547,58,1.0943396226415094
2025-07-23,SHOP003,63,1470000,23333.333333333332,67,1.0634920634920635
2025-07-24,SHOP001,96,2552000,26583.333333333332,118,1.2291666666666667
2025-07-24,SHOP002,47,1287000,27382.978723404256,58,1.2340425531914894
2025-07-24,SHOP003,58,1500000,25862.068965517243,67,1.1551724137931034
2025-07-25,SHOP001,105,2854000,27180.95238095238,130,1.2380952380952381
2025-07-25,SHOP002,63,1604000,25460.31746031746,71,1.126984126984127
2025-07-25,SHOP003,87,2235000,25689.655172413793,102,1.1724137931034482
2025-07-26,SHOP001,101,2470000,24455.445544554455,115,1.1386138613861385
2025-07-26,SHOP002,51,1346000,26392.156862745098,62,1.2156862745098038
2025-07-26,SHOP003,62,1447000,23338.709677419356,68,1.096774193548387
2025-07-27,SHOP001,115,3030000,26347.82608695652,137,1.191304347826087
2025-07-27,SHOP002,62,1583000,25532.25806451613,71,1.1451612903225807
2025-07-27,SHOP003,53,1351000,25490.56603773585,62,1.169811320754717
2025-07-28,SHOP001,90,2344000,26044.444444444445,109,1.211111111111111
2025-07-28,SHOP002,56,1440000,25714.285714285714,65,1.1607142857142858
2025-07-28,SHOP003,67,1725000,25746.268656716416,79,1.1791044776119404
2025-07-29,SHOP001,102,2641000,25892.156862745098,118,1.1568627450980393
2025-07-29,SHOP002,51,1398000,27411.764705882353,60,1.1764705882352942
2025-07-29,SHOP003,66,1618000,24515.151515151516,76,1.1515151515151516
2025-07-30,SHOP001,93,2646000,28451.612903225807,120,1.2903225806451613
2025-07-30,SHOP002,56,1257000,22446.428571428572,60,1.0714285714285714
2025-07-30,SHOP003,70,1812000,25885.714285714286,85,1.2142857142857142
2025-07-31,SHOP001,105,2736000,26057.14285714286,123,1.1714285714285715
2025-07-31,SHOP002,54,1527000,28277.777777777777,66,1.2222222222222223
2025-07-31,SHOP003,76,1973000,25960.526315789473,89,1.1710526315789473
2025-08-01,SHOP001,94,2432000,25872.340425531915,111,1.1808510638297873
2025-08-01,SHOP002,38,947000,24921.052631578947,45,1.1842105263157894
2025-08-01,SHOP003,81,2128000,26271.604938271605,98,1.2098765432098766
2025-08-02,SHOP001,97,2447000,25226.80412371134,114,1.175257731958763
2025-08-02,SHOP002,37,908000,24540.54054054054,42,1.135135135135135
2025-08-02,SHOP003,62,1589000,25629.032258064515,73,1.1774193548387097
2025-08-03,SHOP001,78,2086000,26743.589743589742,98,1.2564102564102564
2025-08-03,SHOP002,33,850000,25757.575757575756,38,1.1515151515151516
2025-08-03,SHOP003,75,2053000,27373.333333333332,91,1.2133333333333334
2025-08-04,SHOP001,96,2501000,26052.083333333332,112,1.1666666666666667
2025-08-04,SHOP002,29,807000,27827.58620689655,34,1.1724137931034482
2025-08-04,SHOP003,61,1436000,23540.983606557376,66,1.0819672131147542
2025-08-05,SHOP001,87,2180000,25057.471264367818,102,1.1724137931034482
2025-08-05,SHOP002,35,714000,20400.0,35,1.0
2025-08-05,SHOP003,75,2095000,27933.333333333332,95,1.2666666666666666
2025-08-06,SHOP001,74,1805000,24391.891891891893,82,1.1081081081081081
2025-08-06,SHOP002,35,913000,26085.714285714286,42,1.2
2025-08-06,SHOP003,65,1702000,26184.615384615383,78,1.2
2025-08-07,SHOP001,88,2178000,24750.0,105,1.1931818181818181
2025-08-07,SHOP002,36,890000,24722.222222222223,41,1.1388888888888888
2025-08-07,SHOP003,50,1232000,24640.0,56,1.12
2025-08-08,SHOP001,93,2255000,24247.31182795699,104,1.118279569892473
2025-08-08,SHOP002,40,929000,23225.0,46,1.15
2025-08-08,SHOP003,69,1742000,25246.376811594204,79,1.144927536231884
2025-08-09,SHOP001,97,2316000,23876.288659793816,108,1.1134020618556701
2025-08-09,SHOP002,27,728000,26962.962962962964,33,1.2222222222222223
2025-08-09,SHOP003,66,1746000,26454.545454545456,75,1.1363636363636365
2025-08-10,SHOP001,83,2364000,28481.927710843374,106,1.2771084337349397
2025-08-10,SHOP002,37,976000,26378.37837837838,44,1.1891891891891893
2025-08-10,SHOP003,64,1662000,25968.75,76,1.1875
2025-08-11,SHOP001,90,2260000,25111.11111111111,101,1.1222222222222222
2025-08-11,SHOP002,37,956000,25837.837837837837,45,1.2162162162162162
2025-08-11,SHOP003,57,1482000,26000.0,67,1.1754385964912282
2025-08-12,SHOP001,81,2067000,25518.51851851852,94,1.1604938271604939
2025-08-12,SHOP002,36,920000,25555.555555555555,42,1.1666666666666667
2025-08-12,SHOP003,53,1378000,26000.0,60,1.1320754716981132
2025-08-13,SHOP001,97,2454000,25298.96907216495,115,1.1855670103092784
2025-08-13,SHOP002,30,741000,24700.0,35,1.1666666666666667
2025-08-13,SHOP003,56,1314000,23464.285714285714,60,1.0714285714285714
2025-08-14,SHOP001,97,2299000,23701.03092783505,107,1.1030927835051547
2025-08-14,SHOP002,34,855000,25147.058823529413,38,1.1176470588235294
2025-08-14,SHOP003,54,1355000,25092.59259259259,60,1.1111111111111112
2025-08-15,SHOP001,98,2578000,26306.122448979593,120,1.2244897959183674
2025-08-15,SHOP002,30,743000,24766.666666666668,34,1.1333333333333333
2025-08-15,SHOP003,64,1647000,25734.375,75,1.171875
2025-08-16,SHOP001,104,2542000,24442.30769230769,117,1.125
2025-08-16,SHOP002,29,680000,23448.275862068964,31,1.0689655172413792
2025-08-16,SHOP003,62,1572000,25354.83870967742,72,1.1612903225806452
2025-08-17,SHOP001,100,2513000,25130.0,120,1.2
2025-08-17,SHOP002,38,852000,22421.052631578947,40,1.0526315789473684
2025-08-17,SHOP003,75,1950000,26000.0,86,1.1466666666666667
2025-08-18,SHOP001,84,1968000,23428.571428571428,88,1.0476190476190477
2025-08-18,SHOP002,41,1046000,25512.19512195122,47,1.146341463414634
2025-08-18,SHOP003,56,1553000,27732.14285714286,68,1.2142857142857142
2025-08-19,SHOP001,81,2052000,25333.333333333332,94,1.1604938271604939
2025-08-19,SHOP002,32,698000,21812.5,34,1.0625
2025-08-19,SHOP003,48,1250000,26041.666666666668,58,1.2083333333333333
2025-08-20,SHOP001,72,1882000,26138.88888888889,85,1.1805555555555556
2025-08-20,SHOP002,39,950000,24358.97435897436,44,1.1282051282051282
2025-08-20,SHOP003,53,1274000,24037.735849056604,59,1.1132075471698113
2025-08-21,SHOP001,92,2277000,24750.0,104,1.1304347826086956
2025-08-21,SHOP002,41,986000,24048.780487804877,48,1.170731707317073
2025-08-21,SHOP003,57,1512000,26526.315789473683,69,1.2105263157894737
2025-08-22,SHOP001,89,2196000,24674.157303370786,102,1.146067415730337
2025-08-22,SHOP002,29,692000,23862.068965517243,30,1.0344827586206897
2025-08-22,SHOP003,67,1749000,26104.4776119403,77,1.1492537313432836
2025-08-23,SHOP001,83,2107000,25385.5421686747,93,1.1204819277108433
2025-08-23,SHOP002,21,431000,20523.809523809523,22,1.0476190476190477
2025-08-23,SHOP003,61,1580000,25901.639344262294,69,1.1311475409836065
2025-08-24,SHOP001,86,2174000,25279.06976744186,96,1.1162790697674418
2025-08-24,SHOP002,39,934000,23948.71794871795,45,1.1538461538461537
2025-08-24,SHOP003,56,1441000,25732.14285714286,64,1.1428571428571428
2025-08-25,SHOP001,101,2567000,25415.841584158417,116,1.1485148514851484
2025-08-25,SHOP002,33,806000,24424.242424242424,39,1.1818181818181819
2025-08-25,SHOP003,54,1261000,23351.85185185185,56,1.037037037037037
2025-08-26,SHOP001,90,2414000,26822.222222222223,105,1.1666666666666667
2025-08-26,SHOP002,27,727000,26925.925925925927,32,1.1851851851851851
2025-08-26,SHOP003,58,1553000,26775.862068965518,69,1.1896551724137931
2025-08-27,SHOP001,83,2222000,26771.0843373494,100,1.2048192771084338
2025-08-27,SHOP002,38,929000,24447.36842105263,45,1.1842105263157894
2025-08-27,SHOP003,64,1711000,26734.375,76,1.1875
2025-08-28,SHOP001,85,2136000,25129.41176470588,99,1.1647058823529413
2025-08-28,SHOP002,37,900000,24324.324324324323,41,1.1081081081081081
2025-08-28,SHOP003,56,1384000,24714.285714285714,65,1.1607142857142858
2025-08-29,SHOP001,97,2567000,26463.917525773195,112,1.1546391752577319
2025-08-29,SHOP002,40,941000,23525.0,43,1.075
2025-08-29,SHOP003,64,1631000,25484.375,75,1.171875
2025-08-30,SHOP001,83,1822000,21951.807228915663,89,1.072289156626506
2025-08-30,SHOP002,28,667000,23821.428571428572,32,1.1428571428571428
2025-08-30,SHOP003,58,1446000,24931.03448275862,67,1.1551724137931034
2025-08-31,SHOP001,118,2881000,24415.254237288136,131,1.1101694915254237
2025-08-31,SHOP002,34,926000,27235.29411764706,41,1.2058823529411764
2025-08-31,SHOP003,66,1612000,24424.242424242424,73,1.106060606060606
2025-09-01,SHOP001,76,1946000,25605.263157894737,90,1.1842105263157894
2025-09-01,SHOP002,27,673000,24925.925925925927,30,1.1111111111111112
2025-09-01,SHOP003,53,1303000,24584.905660377357,63,1.1886792452830188
2025-09-02,SHOP001,112,2735000,24419.64285714286,127,1.1339285714285714
2025-09-02,SHOP002,33,879000,26636.363636363636,40,1.2121212121212122
2025-09-02,SHOP003,65,1629000,25061.53846153846,76,1.1692307692307693
2025-09-03,SHOP001,96,2433000,25343.75,108,1.125
2025-09-03,SHOP002,33,893000,27060.60606060606,39,1.1818181818181819
2025-09-03,SHOP003,55,1352000,24581.81818181818,65,1.1818181818181819
2025-09-04,SHOP001,80,2092000,26150.0,94,1.175
2025-09-04,SHOP002,34,900000,26470.58823529412,40,1.1764705882352942
2025-09-04,SHOP003,70,1845000,26357.14285714286,82,1.1714285714285715
2025-09-05,SHOP001,80,2013000,25162.5,91,1.1375
2025-09-05,SHOP002,39,1080000,27692.30769230769,50,1.2820512820512822
2025-09-05,SHOP003,62,1524000,24580.645161290322,70,1.1290322580645162
2025-09-06,SHOP001,93,2292000,24645.16129032258,103,1.10752688172043
2025-09-06,SHOP002,45,1155000,25666.666666666668,52,1.1555555555555554
2025-09-06,SHOP003,82,2127000,25939.024390243903,96,1.170731707317073
2025-09-07,SHOP001,81,2045000,25246.913580246914,94,1.1604938271604939
2025-09-07,SHOP002,28,704000,25142.85714285714,31,1.1071428571428572
2025-09-07,SHOP003,63,1709000,27126.984126984127,74,1.1746031746031746
2025-09-08,SHOP001,63,1643000,26079.365079365078,74,1.1746031746031746
2025-09-08,SHOP002,45,1138000,25288.88888888889,52,1.1555555555555554
2025-09-08,SHOP003,56,1424000,25428.571428571428,65,1.1607142857142858
2025-09-09,SHOP001,86,2330000,27093.023255813954,102,1.186046511627907
2025-09-09,SHOP002,31,703000,22677.41935483871,34,1.096774193548387
2025-09-09,SHOP003,57,1460000,25614.035087719298,65,1.1403508771929824
2025-09-10,SHOP001,88,2381000,27056.81818181818,104,1.1818181818181819
2025-09-10,SHOP002,23,624000,27130.434782608696,28,1.2173913043478262
2025-09-10,SHOP003,57,1358000,23824.56140350877,64,1.1228070175438596
2025-09-11,SHOP001,99,2455000,24797.9797979798,112,1.1313131313131313
2025-09-11,SHOP002,23,509000,22130.434782608696,24,1.0434782608695652
2025-09-11,SHOP003,62,1553000,25048.387096774193,71,1.1451612903225807
2025-09-12,SHOP001,78,2012000,25794.871794871793,92,1.1794871794871795
2025-09-12,SHOP002,43,1090000,25348.837209302324,48,1.1162790697674418
2025-09-12,SHOP003,58,1521000,26224.137931034482,66,1.1379310344827587
2025-09-13,SHOP001,91,2323000,25527.472527472528,105,1.1538461538461537
2025-09-13,SHOP002,32,696000,21750.0,35,1.09375
2025-09-13,SHOP003,52,1347000,25903.846153846152,65,1.25
2025-09-14,SHOP001,93,2445000,26290.322580645163,107,1.1505376344086022
2025-09-14,SHOP002,33,782000,23696.969696969696,40,1.2121212121212122
2025-09-14,SHOP003,64,1482000,23156.25,73,1.140625
2025-09-15,SHOP001,75,1733000,23106.666666666668,83,1.1066666666666667
2025-09-15,SHOP002,39,970000,24871.79487179487,46,1.1794871794871795
2025-09-15,SHOP003,52,1348000,25923.076923076922,61,1.1730769230769231
2025-09-16,SHOP001,88,2215000,25170.454545454544,101,1.1477272727272727
2025-09-16,SHOP002,34,813000,23911.764705882353,38,1.1176470588235294
2025-09-16,SHOP003,50,1142000,22840.0,56,1.12
2025-09-17,SHOP001,86,2116000,24604.6511627907,97,1.127906976744186
2025-09-17,SHOP002,43,1100000,25581.39534883721,51,1.186046511627907
2025-09-17,SHOP003,54,1276000,23629.62962962963,59,1.0925925925925926
2025-09-18,SHOP001,83,2172000,26168.67469879518,98,1.180722891566265
2025-09-18,SHOP002,35,991000,28314.285714285714,44,1.2571428571428571
2025-09-18,SHOP003,50,1233000,24660.0,57,1.14
2025-09-19,SHOP001,72,1814000,25194.444444444445,83,1.1527777777777777
2025-09-19,SHOP002,26,659000,25346.153846153848,29,1.1153846153846154
2025-09-19,SHOP003,60,1622000,27033.333333333332,71,1.1833333333333333
2025-09-20,SHOP001,75,1760000,23466.666666666668,87,1.16
2025-09-20,SHOP002,38,1005000,26447.36842105263,45,1.1842105263157894
2025-09-20,SHOP003,57,1508000,26456.140350877195,68,1.1929824561403508
2025-09-21,SHOP001,85,2016000,23717.647058823528,97,1.1411764705882352
2025-09-21,SHOP002,32,781000,24406.25,38,1.1875
2025-09-21,SHOP003,54,1422000,26333.333333333332,64,1.1851851851851851
2025-09-22,SHOP001,84,2072000,24666.666666666668,99,1.1785714285714286
2025-09-22,SHOP002,34,964000,28352.941176470587,42,1.2352941176470589
2025-09-22,SHOP003,46,1200000,26086.956521739132,55,1.1956521739130435
2025-09-23,SHOP001,82,2113000,25768.29268292683,98,1.1951219512195121
2025-09-23,SHOP002,33,812000,24606.060606060608,38,1.1515151515151516
2025-09-23,SHOP003,43,1053000,24488.372093023256,47,1.0930232558139534
2025-09-24,SHOP001,106,2649000,24990.56603773585,123,1.1603773584905661
2025-09-24,SHOP002,37,969000,26189.18918918919,44,1.1891891891891893
2025-09-24,SHOP003,49,1249000,25489.79591836735,58,1.183673469387755
2025-09-25,SHOP001,98,2458000,25081.632653061224,115,1.1734693877551021
2025-09-25,SHOP002,32,782000,24437.5,36,1.125
2025-09-25,SHOP003,61,1457000,23885.245901639344,66,1.0819672131147542
2025-09-26,SHOP001,85,2191000,25776.470588235294,100,1.1764705882352942
2025-09-26,SHOP002,27,688000,25481.48148148148,30,1.1111111111111112
2025-09-26,SHOP003,57,1461000,25631.57894736842,66,1.1578947368421053
2025-09-27,SHOP001,112,2756000,24607.14285714286,125,1.1160714285714286
2025-09-27,SHOP002,34,754000,22176.470588235294,38,1.1176470588235294
2025-09-27,SHOP003,45,1141000,25355.555555555555,54,1.2
2025-09-28,SHOP001,85,2070000,24352.941176470587,93,1.0941176470588236
2025-09-28,SHOP002,39,1094000,28051.28205128205,48,1.2307692307692308
2025-09-28,SHOP003,61,1678000,27508.196721311477,77,1.2622950819672132
2025-09-29,SHOP001,94,2279000,24244.68085106383,101,1.074468085106383
2025-09-29,SHOP002,34,935000,27500.0,41,1.2058823529411764
2025-09-29,SHOP003,49,1178000,24040.816326530614,54,1.1020408163265305
2025-09-30,SHOP001,90,2283000,25366.666666666668,103,1.1444444444444444
2025-09-30,SHOP002,30,805000,26833.333333333332,35,1.1666666666666667
2025-09-30,SHOP003,58,1573000,27120.689655172413,68,1.1724137931034482
